<?xml version="1.0" encoding="UTF-8"?>
<project-private xmlns="http://www.netbeans.org/ns/project-private/1">
    <editor-bookmarks xmlns="http://www.netbeans.org/ns/editor-bookmarks/2" lastBookmarkId="2">
        <file>
            <url>web/aluno/codeConsultarAlunoPorNome.jsp</url>
            <bookmark id="1">
                <name/>
                <line>37</line>
                <key/>
            </bookmark>
            <bookmark id="2">
                <name/>
                <line>45</line>
                <key/>
            </bookmark>
        </file>
    </editor-bookmarks>
    <open-files xmlns="http://www.netbeans.org/ns/projectui-open-files/2">
        <group>
            <file>file:/C:/Users/marlo/OneDrive/Documentos/MARLON_SATA/CURSOS%20_EM_ANDAMENTO/ESCOLAS_E_FACULDADES_QI/WEB_III/PROJETO_FINAL/projeto_biblioteca/src/java/modeloDAO/AlunoDAO.java</file>
        </group>
    </open-files>
</project-private>
