<?xml version="1.0" encoding="UTF-8"?>
<project-private xmlns="http://www.netbeans.org/ns/project-private/1">
    <editor-bookmarks xmlns="http://www.netbeans.org/ns/editor-bookmarks/2" lastBookmarkId="0"/>
    <open-files xmlns="http://www.netbeans.org/ns/projectui-open-files/2">
        <group>
            <file>file:/C:/Users/marlo/OneDrive/Documentos/%23MARLON%20-%20PESSOAL%20(SSD%201)/CURSOS%20-%20EM%20ANDAMENTO/QI%20-%20TÉCNICO%20EM%20INFORMÁTICA/WEB%20III/SEMANA%206/Semana6_Estudos_Apostila/web/testeArrayList.jsp</file>
            <file>file:/C:/Users/marlo/OneDrive/Documentos/%23MARLON%20-%20PESSOAL%20(SSD%201)/CURSOS%20-%20EM%20ANDAMENTO/QI%20-%20TÉCNICO%20EM%20INFORMÁTICA/WEB%20III/SEMANA%206/Semana6_Estudos_Apostila/web/teste.jsp</file>
            <file>file:/C:/Users/marlo/OneDrive/Documentos/%23MARLON%20-%20PESSOAL%20(SSD%201)/CURSOS%20-%20EM%20ANDAMENTO/QI%20-%20TÉCNICO%20EM%20INFORMÁTICA/WEB%20III/SEMANA%206/Semana6_Estudos_Apostila/src/java/modelo/Pessoa.java</file>
            <file>file:/C:/Users/marlo/OneDrive/Documentos/%23MARLON%20-%20PESSOAL%20(SSD%201)/CURSOS%20-%20EM%20ANDAMENTO/QI%20-%20TÉCNICO%20EM%20INFORMÁTICA/WEB%20III/SEMANA%206/Semana6_Estudos_Apostila/src/java/modelo/Vetor.java</file>
        </group>
    </open-files>
</project-private>
